Passengerid,Age,Fare,Sex,sibsp,Parch,Pclass,Embarked_0,Embarked_1,Embarked_2,FamilySize,Survived
97,3.216729959671105,0.02654811242052499,0,0,0,1,1.0,0.0,0.0,0,0
716,-0.8141808578020261,-0.4955573707130805,0,0,0,3,0.0,0.0,1.0,0,0
1147,-0.11652321631629182,-0.49749079396995755,0,0,0,3,0.0,0.0,1.0,0,0
1090,-0.5041107949194775,-0.44045480789208313,0,0,0,2,0.0,0.0,1.0,0,0
1053,-1.744391046449672,-0.34869840696720983,0,1,1,3,1.0,0.0,0.0,2,0
19,0.1160293308456196,-0.29544806362630077,1,1,0,3,0.0,0.0,1.0,1,0
1193,-0.11652321631629182,-0.352565253480964,0,0,0,2,1.0,0.0,0.0,0,0
1231,-0.11652321631629182,-0.5036932157780193,0,0,0,3,1.0,0.0,0.0,0,0
840,-0.11652321631629182,-0.06923754257168029,0,0,0,1,1.0,0.0,0.0,0,1
534,-0.11652321631629182,-0.2111836778218262,1,0,2,3,1.0,0.0,0.0,2,1
1167,-0.736663342081389,-0.14077420307613292,1,1,0,2,0.0,0.0,1.0,1,0
952,-0.9692158892433004,-0.4908050163476765,0,0,0,3,0.0,0.0,1.0,0,0
107,-0.6591458263607518,-0.4955573707130805,1,0,0,3,0.0,0.0,1.0,0,1
314,-0.11652321631629182,-0.4908050163476765,0,0,0,3,0.0,0.0,1.0,0,0
1279,2.131484739582185,-0.3921192264701557,0,0,0,2,0.0,0.0,1.0,0,0
363,1.2012745509345397,-0.3640033854686489,1,0,1,3,1.0,0.0,0.0,1,0
667,-0.34907576347820324,-0.3921192264701557,0,0,0,2,0.0,0.0,1.0,0,0
518,-0.11652321631629182,-0.17654253332835926,0,0,0,3,0.0,1.0,0.0,0,0
923,-0.4265932791988404,-0.0344359239478925,0,2,0,2,0.0,0.0,1.0,2,0
720,0.2710643622868939,-0.4931405916419841,0,0,0,3,0.0,0.0,1.0,0,0
835,-0.8916983735226632,-0.4829901195433793,0,0,0,3,0.0,0.0,1.0,0,0
792,-1.0467334049639376,-0.14077420307613292,0,0,0,2,0.0,0.0,1.0,0,0
912,1.9764497081409111,0.5049891647208179,0,1,0,1,1.0,0.0,0.0,1,0
12,2.2090022553028223,-0.13014037516330884,1,0,0,1,0.0,0.0,1.0,0,1
1245,1.5113446138170883,0.6132608671059354,0,1,2,2,0.0,0.0,1.0,3,0
1240,-0.4265932791988404,-0.3824521101857702,0,0,0,2,0.0,0.0,1.0,0,0
1188,-2.2094961407734948,0.16043767295926398,1,1,2,2,1.0,0.0,0.0,3,0
890,-0.2715582477575661,-0.06343727280104898,0,0,0,1,1.0,0.0,0.0,0,1
27,-0.11652321631629182,-0.5037744195548081,0,0,0,3,1.0,0.0,0.0,0,0
121,-0.6591458263607518,0.7776018439404888,0,2,0,2,0.0,0.0,1.0,2,0
549,0.2710643622868939,-0.24662912639015405,0,1,1,3,0.0,0.0,1.0,2,0
235,-0.4265932791988404,-0.44045480789208313,0,0,0,2,0.0,0.0,1.0,0,0
522,-0.5816283106401147,-0.4908050163476765,0,0,0,3,0.0,0.0,1.0,0,0
1184,-0.11652321631629182,-0.5036932157780193,0,0,0,3,1.0,0.0,0.0,0,0
1012,-1.3568034678464862,-0.3389500869060355,1,0,0,2,0.0,0.0,1.0,0,0
599,-0.11652321631629182,-0.5037744195548081,0,0,0,3,1.0,0.0,0.0,0,0
548,-0.11652321631629182,-0.3754434508795907,0,0,0,2,1.0,0.0,0.0,0,1
827,-0.11652321631629182,0.4488386864945933,0,0,0,3,0.0,0.0,1.0,0,0
1113,-0.6591458263607518,-0.48782367768557205,0,0,0,3,0.0,0.0,1.0,0,0
387,-2.2094961407734948,0.2633112576111806,0,5,2,3,0.0,0.0,1.0,7,0
342,-0.4265932791988404,4.44143891572259,1,3,2,1,0.0,0.0,1.0,5,1
1226,-0.19404073203692898,-0.4908050163476765,0,0,0,3,0.0,0.0,1.0,0,0
224,-0.11652321631629182,-0.4908050163476765,0,0,0,3,0.0,0.0,1.0,0,0
350,0.9687220037726282,-0.4759814602371998,0,0,0,3,0.0,0.0,1.0,0,0
95,2.2865197710234595,-0.5032910637405889,0,0,0,3,0.0,0.0,1.0,0,0
349,-2.0544611093322205,-0.33604995202071986,0,1,1,3,0.0,0.0,1.0,2,1
1225,-0.8141808578020261,-0.33911056103635623,1,1,1,3,1.0,0.0,0.0,2,0
1162,1.2787920666551769,0.8112762768055171,0,0,0,1,1.0,0.0,0.0,0,0
84,-0.11652321631629182,0.26717810412493487,0,0,0,1,0.0,0.0,1.0,0,0
1161,-0.9692158892433004,-0.4759814602371998,0,0,0,3,0.0,0.0,1.0,0,0
636,-0.11652321631629182,-0.3921192264701557,1,0,0,2,0.0,0.0,1.0,0,1
134,-0.03900570059565468,-0.14077420307613292,1,1,0,2,0.0,0.0,1.0,1,1
643,-2.1319786250528576,-0.10403916119546806,1,3,2,3,0.0,0.0,1.0,5,0
1091,-0.11652321631629182,-0.48661528815002386,1,0,0,3,0.0,0.0,1.0,0,0
524,1.1237570352139026,0.47751908708710805,1,0,1,1,1.0,0.0,0.0,1,1
1210,-0.19404073203692898,-0.4916093204225374,0,0,0,3,0.0,0.0,1.0,0,0
90,-0.4265932791988404,-0.48782367768557205,0,0,0,3,0.0,0.0,1.0,0,0
1301,-2.0544611093322205,-0.3771351962293582,1,1,1,3,0.0,0.0,1.0,2,0
70,-0.2715582477575661,-0.4759814602371998,0,2,0,3,0.0,0.0,1.0,2,0
503,-0.11652321631629182,-0.49595952275051086,1,0,0,3,0.0,1.0,0.0,0,0
402,-0.2715582477575661,-0.48782367768557205,0,0,0,3,0.0,0.0,1.0,0,0
140,-0.4265932791988404,0.8878069695824834,0,0,0,1,1.0,0.0,0.0,0,0
1042,-0.5041107949194775,0.9643376623594495,1,0,1,1,1.0,0.0,0.0,1,0
257,-0.11652321631629182,0.8878069695824834,1,0,0,1,1.0,0.0,0.0,0,1
526,0.8524457301916725,-0.49362394745620336,0,0,0,3,0.0,1.0,0.0,0,0
206,-2.1319786250528576,-0.44117984161341206,1,0,1,3,0.0,0.0,1.0,1,0
8,-2.1319786250528576,-0.23599529847733,0,3,1,3,0.0,0.0,1.0,4,0
901,-0.6591458263607518,-0.17654253332835926,0,2,0,3,0.0,0.0,1.0,2,0
502,-0.6591458263607518,-0.49362394745620336,1,0,0,3,0.0,1.0,0.0,0,0
812,0.7361694566107168,-0.17654253332835926,0,0,0,3,0.0,0.0,1.0,0,0
704,-0.34907576347820324,-0.49378442158652414,0,0,0,3,0.0,1.0,0.0,0,0
799,0.03851181512498246,-0.5036932157780193,0,0,0,3,1.0,0.0,0.0,0,0
477,0.34858187800753104,-0.23744536591998783,0,1,0,2,0.0,0.0,1.0,1,0
279,-1.744391046449672,-0.08035472629872359,0,4,1,3,0.0,1.0,0.0,5,0
939,-0.11652321631629182,-0.49362394745620336,0,0,0,3,0.0,1.0,0.0,0,0
1262,-0.6591458263607518,-0.42112057532331215,0,1,0,2,0.0,0.0,1.0,1,0
152,-0.5816283106401147,0.6441956392159689,1,1,0,1,0.0,0.0,1.0,1,1
723,0.34858187800753104,-0.3921192264701557,0,0,0,2,0.0,0.0,1.0,0,0
1239,0.6586519408900796,-0.5036932157780193,1,0,0,3,1.0,0.0,0.0,0,0
409,-0.6591458263607518,-0.4931405916419841,0,0,0,3,0.0,0.0,1.0,0,0
233,2.2865197710234595,-0.3824521101857702,0,0,0,2,0.0,0.0,1.0,0,0
371,-0.34907576347820324,0.42845847194385167,0,1,0,1,1.0,0.0,0.0,1,1
743,-0.6591458263607518,4.429355020367108,1,2,2,1,1.0,0.0,0.0,4,1
354,-0.34907576347820324,-0.29931491014005496,0,1,0,3,0.0,0.0,1.0,1,0
929,-0.6591458263607518,-0.4759814602371998,1,0,0,3,0.0,0.0,1.0,0,0
555,-0.5816283106401147,-0.4931405916419841,1,0,0,3,0.0,0.0,1.0,0,1
388,0.5036169094488053,-0.3921192264701557,1,0,0,2,0.0,0.0,1.0,0,1
1219,1.2787920666551769,0.8878069695824834,0,0,0,1,1.0,0.0,0.0,0,0
505,-1.0467334049639376,1.0289468673345115,1,0,0,1,0.0,0.0,1.0,0,1
1230,-0.34907576347820324,-0.0344359239478925,0,0,0,2,0.0,0.0,1.0,0,0
689,-0.8916983735226632,-0.49273843960455366,0,0,0,3,0.0,0.0,1.0,0,0
330,-1.0467334049639376,0.47751908708710805,1,0,1,1,1.0,0.0,0.0,1,1
476,-0.11652321631629182,0.36191584371191265,0,0,0,1,0.0,0.0,1.0,0,0
826,-0.11652321631629182,-0.5090913335112202,0,0,0,3,0.0,1.0,0.0,0,0
137,-0.8141808578020261,-0.13529681498940008,1,0,2,1,0.0,0.0,1.0,2,1
842,-1.0467334049639376,-0.44045480789208313,0,0,0,2,0.0,0.0,1.0,0,0
1200,1.9764497081409111,1.1642864953159084,0,1,1,1,0.0,0.0,1.0,2,0
888,-0.8141808578020261,-0.06343727280104898,1,0,0,1,0.0,0.0,1.0,0,1
1205,0.5811344251694425,-0.49362394745620336,1,0,0,3,0.0,1.0,0.0,0,0
734,-0.5041107949194775,-0.3921192264701557,0,0,0,2,0.0,0.0,1.0,0,0
9,-0.19404073203692898,-0.4282104384062805,1,0,2,3,0.0,0.0,1.0,2,1
1092,-0.11652321631629182,-0.3437836450482282,1,0,0,3,0.0,1.0,0.0,0,0
1054,-0.2715582477575661,-0.3824521101857702,1,0,0,2,0.0,0.0,1.0,0,0
357,-0.5816283106401147,0.4199185414182256,1,0,1,1,0.0,0.0,1.0,1,1
601,-0.4265932791988404,-0.12143997050736192,1,2,1,2,0.0,0.0,1.0,3,1
1105,2.3640372867440966,-0.14077420307613292,1,1,0,2,0.0,0.0,1.0,1,0
186,-0.11652321631629182,0.3232473785743707,0,0,0,1,0.0,0.0,1.0,0,0
1253,-0.4265932791988404,0.07198355895713669,1,1,1,2,1.0,0.0,0.0,2,0
565,-0.11652321631629182,-0.48782367768557205,1,0,0,3,0.0,0.0,1.0,0,0
1186,0.5036169094488053,-0.4597890404608541,0,0,0,3,0.0,0.0,1.0,0,0
150,0.9687220037726282,-0.3921192264701557,0,0,0,2,0.0,0.0,1.0,0,0
4,0.4260993937281682,0.38318349953756076,1,1,0,1,0.0,0.0,1.0,1,1
312,-0.8916983735226632,4.429355020367108,1,2,2,1,1.0,0.0,0.0,4,1
795,-0.34907576347820324,-0.4908050163476765,0,0,0,3,0.0,0.0,1.0,0,0
22,0.34858187800753104,-0.3921192264701557,0,0,0,2,0.0,0.0,1.0,0,1
629,-0.2715582477575661,-0.4908050163476765,0,0,0,3,0.0,0.0,1.0,0,0
1017,-0.9692158892433004,-0.3321831055069656,1,0,1,3,0.0,0.0,1.0,1,0
1212,-0.2715582477575661,-0.4931405916419841,0,0,0,3,0.0,0.0,1.0,0,0
1004,0.5036169094488053,-0.03097122947156871,1,0,0,1,1.0,0.0,0.0,0,0
481,-1.5893560150083976,0.2633112576111806,0,5,2,3,0.0,0.0,1.0,7,0
1088,-1.821908562170309,1.9569900306355188,0,0,2,1,1.0,0.0,0.0,2,0
1020,0.9687220037726282,-0.3921192264701557,0,0,0,2,0.0,0.0,1.0,0,0
871,-0.2715582477575661,-0.4908050163476765,0,0,0,3,0.0,0.0,1.0,0,0
123,0.23230560442657533,-0.062068409135180025,0,1,0,2,1.0,0.0,0.0,1,0
307,-0.11652321631629182,1.5003792603286252,1,0,0,1,1.0,0.0,0.0,0,1
338,0.891204488051991,1.9569900306355188,1,0,0,1,1.0,0.0,0.0,0,1
535,0.03851181512498246,-0.4759814602371998,1,0,0,3,0.0,0.0,1.0,0,0
1227,0.03851181512498246,-0.14077420307613292,0,0,0,1,0.0,0.0,1.0,0,0
909,-0.6591458263607518,-0.5037744195548081,0,0,0,3,1.0,0.0,0.0,0,0
807,0.7361694566107168,-0.6434642498641785,0,0,0,1,0.0,0.0,1.0,0,0
1102,0.19354684656625676,-0.2079606612526121,0,0,0,3,0.0,0.0,1.0,0,0
761,-0.11652321631629182,-0.3631178776169992,0,0,0,3,0.0,0.0,1.0,0,0
1309,-0.11652321631629182,-0.2111836778218262,0,1,1,3,1.0,0.0,0.0,2,0
1121,0.5036169094488053,-0.3921192264701557,0,0,0,2,0.0,0.0,1.0,0,0
773,2.131484739582185,-0.44045480789208313,1,0,0,2,0.0,0.0,1.0,0,0
1032,-1.5118384992877605,0.2633112576111806,1,5,2,3,0.0,0.0,1.0,7,0
1209,-0.8141808578020261,-0.44045480789208313,0,0,0,2,0.0,0.0,1.0,0,0
677,-0.3878345213385218,-0.48782367768557205,0,0,0,3,0.0,0.0,1.0,0,0
811,-0.2715582477575661,-0.49096549047799737,0,0,0,3,0.0,0.0,1.0,0,0
427,-0.11652321631629182,-0.14077420307613292,1,1,0,2,0.0,0.0,1.0,1,1
218,0.9687220037726282,-0.12143997050736192,0,1,0,2,0.0,0.0,1.0,1,0
499,-0.34907576347820324,2.286638695933064,1,1,2,1,0.0,0.0,1.0,3,0
316,-0.2715582477575661,-0.4916093204225374,1,0,0,3,0.0,0.0,1.0,0,1
173,-2.2094961407734948,-0.4282104384062805,1,1,1,3,0.0,0.0,1.0,2,1
495,-0.6591458263607518,-0.48782367768557205,0,0,0,3,0.0,0.0,1.0,0,0
1168,-0.11652321631629182,-0.44045480789208313,0,0,0,2,0.0,0.0,1.0,0,0
1182,-0.11652321631629182,0.12217135985915248,0,0,0,1,0.0,0.0,1.0,0,0
1009,-2.2094961407734948,-0.32058256596570306,1,1,1,3,0.0,0.0,1.0,2,0
690,-1.1242509206845748,3.4425841256384593,1,0,1,1,0.0,0.0,1.0,1,1
217,-0.19404073203692898,-0.4902404567566684,1,0,0,3,0.0,0.0,1.0,0,1
375,-2.0544611093322205,-0.23599529847733,1,3,1,3,0.0,0.0,1.0,4,0
647,-0.8141808578020261,-0.4908050163476765,0,0,0,3,0.0,0.0,1.0,0,0
757,-0.11652321631629182,-0.49273843960455366,0,0,0,3,0.0,0.0,1.0,0,0
146,-0.8141808578020261,0.06706879703815516,0,1,1,2,0.0,0.0,1.0,2,0
61,-0.5816283106401147,-0.5036932157780193,0,0,0,3,1.0,0.0,0.0,0,0
818,0.1160293308456196,0.07198355895713669,0,1,1,2,1.0,0.0,0.0,2,0
521,0.03851181512498246,1.1642864953159084,1,0,0,1,0.0,0.0,1.0,0,1
286,0.2710643622868939,-0.4759814602371998,0,0,0,3,1.0,0.0,0.0,0,0
1307,0.6974106987503982,-0.5032910637405889,0,0,0,3,0.0,0.0,1.0,0,0
1215,0.2710643622868939,-0.13014037516330884,0,0,0,1,0.0,0.0,1.0,0,0
542,-1.5893560150083976,-0.038786126275866,1,4,2,3,0.0,0.0,1.0,6,0
1197,2.674107349626645,-0.13014037516330884,1,1,1,1,0.0,0.0,1.0,2,0
1063,-0.19404073203692898,-0.5037744195548081,0,0,0,3,1.0,0.0,0.0,0,0
322,-0.19404073203692898,-0.4908050163476765,0,0,0,3,0.0,0.0,1.0,0,0
1259,-0.5816283106401147,0.12386310520891992,1,0,0,3,0.0,0.0,1.0,0,0
665,-0.736663342081389,-0.4902404567566684,0,1,0,3,0.0,0.0,1.0,1,1
1306,0.7361694566107168,1.4620336768749818,1,0,0,1,1.0,0.0,0.0,0,0
865,-0.4265932791988404,-0.3921192264701557,0,0,0,2,0.0,0.0,1.0,0,0
588,2.3640372867440966,0.8878069695824834,0,1,1,1,1.0,0.0,0.0,2,1
1163,-0.11652321631629182,-0.49362394745620336,0,0,0,3,0.0,1.0,0.0,0,0
112,-1.1630096785448933,-0.3640033854686489,1,1,0,3,1.0,0.0,0.0,1,0
1082,0.34858187800753104,-0.14077420307613292,0,1,0,2,0.0,0.0,1.0,1,0
16,1.9764497081409111,-0.33411652876384274,1,0,0,2,0.0,0.0,1.0,0,1
863,1.4338270980964511,-0.14214306674200186,1,0,0,1,0.0,0.0,1.0,0,1
2,0.6586519408900796,0.7347436506052941,1,1,0,1,1.0,0.0,0.0,1,1
106,-0.11652321631629182,-0.4908050163476765,0,0,0,3,0.0,0.0,1.0,0,0
1,-0.5816283106401147,-0.5032910637405889,0,1,0,3,0.0,0.0,1.0,1,0
691,0.1160293308456196,0.45858700655576756,0,1,0,1,0.0,0.0,1.0,1,1
886,0.7361694566107168,-0.08035472629872359,1,0,5,3,0.0,1.0,0.0,5,0
884,-0.11652321631629182,-0.44045480789208313,0,0,0,2,0.0,0.0,1.0,0,0
1073,0.5811344251694425,0.9643376623594495,0,1,1,1,1.0,0.0,0.0,2,0
315,1.0462395194932654,-0.13594064493394017,0,1,1,2,0.0,0.0,1.0,2,0
984,-0.19404073203692898,0.36191584371191265,1,1,2,1,0.0,0.0,1.0,3,0
656,-0.4265932791988404,0.7776018439404888,0,2,0,2,0.0,0.0,1.0,2,0
695,2.3640372867440966,-0.13014037516330884,0,0,0,1,0.0,0.0,1.0,0,0
230,-0.11652321631629182,-0.15108514930505848,1,3,1,3,0.0,0.0,1.0,4,0
113,-0.5816283106401147,-0.48782367768557205,0,0,0,3,0.0,0.0,1.0,0,0
267,-1.0467334049639376,0.12386310520891992,0,4,1,3,0.0,0.0,1.0,5,0
654,-0.11652321631629182,-0.4920926762367567,1,0,0,3,0.0,1.0,0.0,0,1
874,1.356309582375814,-0.4694561567452396,0,0,0,3,0.0,0.0,1.0,0,0
891,0.19354684656625676,-0.49362394745620336,0,0,0,3,0.0,1.0,0.0,0,0
848,0.4260993937281682,-0.4908050163476765,0,0,0,3,1.0,0.0,0.0,0,0
473,0.2710643622868939,-0.10693929608078369,1,1,2,2,0.0,0.0,1.0,3,1
216,0.1160293308456196,1.5466209443633547,1,1,0,1,1.0,0.0,0.0,1,1
543,-1.4343209835671233,-0.038786126275866,1,4,2,3,0.0,0.0,1.0,6,0
810,0.2710643622868939,0.38318349953756076,1,1,0,1,0.0,0.0,1.0,1,1
783,-0.03900570059565468,-0.06343727280104898,0,0,0,1,0.0,0.0,1.0,0,0
678,-0.8916983735226632,-0.4531825331921051,1,0,0,3,0.0,0.0,1.0,0,1
861,0.891204488051991,-0.3706910965141868,0,2,0,3,0.0,0.0,1.0,2,0
733,-0.11652321631629182,-0.6434642498641785,0,0,0,2,0.0,0.0,1.0,0,0
264,0.8136869723313539,-0.6434642498641785,0,0,0,1,0.0,0.0,1.0,0,0
701,-0.8916983735226632,3.7555570153454396,1,1,0,1,1.0,0.0,0.0,1,1
424,-0.11652321631629182,-0.3650513008738763,1,1,1,3,0.0,0.0,1.0,2,0
429,-0.11652321631629182,-0.49362394745620336,0,0,0,3,0.0,1.0,0.0,0,0
1264,1.5113446138170883,-0.6434642498641785,0,0,0,1,0.0,0.0,1.0,0,0
333,0.6586519408900796,2.3236154157208384,0,0,1,1,0.0,0.0,1.0,1,0
453,0.03851181512498246,-0.10693929608078369,0,0,0,1,1.0,0.0,0.0,0,0
295,-0.4265932791988404,-0.4908050163476765,0,0,0,3,0.0,0.0,1.0,0,0
74,-0.2715582477575661,-0.3640033854686489,0,1,0,3,1.0,0.0,0.0,1,0
867,-0.19404073203692898,-0.3755246546563796,1,1,0,2,1.0,0.0,0.0,1,1
325,-0.11652321631629182,0.7012316252938433,0,8,2,3,0.0,0.0,1.0,10,0
29,-0.11652321631629182,-0.4911259646083181,1,0,0,3,0.0,1.0,0.0,0,1
207,0.19354684656625676,-0.33701666364915833,0,1,0,3,0.0,0.0,1.0,1,0
1238,-0.2715582477575661,-0.3921192264701557,0,0,0,2,0.0,0.0,1.0,0,0
772,1.4338270980964511,-0.4916093204225374,0,0,0,3,0.0,0.0,1.0,0,0
693,-0.11652321631629182,0.4488386864945933,0,0,0,3,0.0,0.0,1.0,0,1
153,2.0152084660012295,-0.48782367768557205,0,0,0,3,0.0,0.0,1.0,0,0
516,1.356309582375814,0.014301809511465414,0,0,0,1,0.0,0.0,1.0,0,0
634,-0.11652321631629182,-0.6434642498641785,0,0,0,1,0.0,0.0,1.0,0,0
828,-2.2094961407734948,0.07198355895713669,0,0,2,2,1.0,0.0,0.0,2,1
1290,-0.5816283106401147,-0.4931405916419841,0,0,0,3,0.0,0.0,1.0,0,0
696,1.7438971609789997,-0.3824521101857702,0,0,0,2,0.0,0.0,1.0,0,0
980,-0.11652321631629182,-0.49362394745620336,1,0,0,3,0.0,1.0,0.0,0,0
540,-0.5816283106401147,0.3135802622899852,1,0,2,1,1.0,0.0,0.0,2,1
420,-1.5118384992877605,-0.17654253332835926,1,0,2,3,0.0,0.0,1.0,2,0
566,-0.4265932791988404,-0.17654253332835926,0,2,0,3,0.0,0.0,1.0,2,0
831,-1.1242509206845748,-0.3640033854686489,1,1,0,3,1.0,0.0,0.0,1,1
776,-0.8916983735226632,-0.49362394745620336,0,0,0,3,0.0,0.0,1.0,0,0
46,-0.11652321631629182,-0.48782367768557205,0,0,0,3,0.0,0.0,1.0,0,0
1229,0.7361694566107168,-0.5036932157780193,0,0,2,3,1.0,0.0,0.0,2,0
785,-0.34907576347820324,-0.507157910254343,0,0,0,3,0.0,0.0,1.0,0,0
511,-0.03900570059565468,-0.49362394745620336,0,0,0,3,0.0,1.0,0.0,0,1
126,-1.3568034678464862,-0.42611460759582565,0,1,0,3,1.0,0.0,0.0,1,1
839,0.19354684656625676,0.4488386864945933,0,0,0,3,0.0,0.0,1.0,0,1
699,1.5113446138170883,1.5003792603286252,0,1,1,1,1.0,0.0,0.0,2,0
622,0.9687220037726282,0.37263087540152556,0,1,0,1,0.0,0.0,1.0,1,1
1204,-0.11652321631629182,-0.4970074381557383,0,0,0,3,0.0,0.0,1.0,0,0
626,2.4415548024647338,-0.01856638585544531,0,0,0,1,0.0,0.0,1.0,0,0
204,1.2400333087948583,-0.5037744195548081,0,0,0,3,1.0,0.0,0.0,0,0
386,-0.8916983735226632,0.7776018439404888,0,0,0,2,0.0,0.0,1.0,0,0
903,1.2787920666551769,-0.14077420307613292,0,0,0,1,0.0,0.0,1.0,0,0
963,-0.6591458263607518,-0.4908050163476765,0,0,0,3,0.0,0.0,1.0,0,0
334,-1.0467334049639376,-0.29544806362630077,0,2,0,3,0.0,0.0,1.0,2,0
89,-0.5041107949194775,4.44143891572259,1,3,2,1,0.0,0.0,1.0,5,1
735,-0.5041107949194775,-0.3921192264701557,0,0,0,2,0.0,0.0,1.0,0,0
1120,0.8524457301916725,-0.3515173380757366,0,0,0,3,0.0,0.0,1.0,0,0
843,0.03851181512498246,-0.04410304023227799,1,0,0,1,1.0,0.0,0.0,0,1
1025,-0.11652321631629182,-0.5190001277027153,0,1,0,3,1.0,0.0,0.0,1,0
105,0.5811344251694425,-0.4902404567566684,0,2,0,3,0.0,0.0,1.0,2,0
1018,-0.5816283106401147,-0.49273843960455366,0,0,0,3,0.0,0.0,1.0,0,0
281,2.7516248653472823,-0.49362394745620336,0,0,0,3,0.0,1.0,0.0,0,0
251,-0.11652321631629182,-0.5032910637405889,0,0,0,3,0.0,0.0,1.0,0,0
802,0.1160293308456196,-0.13594064493394017,1,1,1,2,0.0,0.0,1.0,2,1
837,-0.6591458263607518,-0.4759814602371998,0,0,0,3,0.0,0.0,1.0,0,0
51,-1.744391046449672,0.12386310520891992,0,4,1,3,0.0,0.0,1.0,5,0
442,-0.736663342081389,-0.4597890404608541,0,0,0,3,0.0,0.0,1.0,0,0
474,-0.5041107949194775,-0.3768123145454597,1,0,0,2,1.0,0.0,0.0,0,1
794,-0.11652321631629182,-0.049984513779698155,0,0,0,1,1.0,0.0,0.0,0,0
358,0.6586519408900796,-0.3921192264701557,1,0,0,2,0.0,0.0,1.0,0,0
955,-0.5816283106401147,-0.49410730327042257,1,0,0,3,0.0,1.0,0.0,0,0
698,-0.11652321631629182,-0.4939468291401018,1,0,0,3,0.0,1.0,0.0,0,1
742,0.5036169094488053,0.8810399881834134,0,1,0,1,0.0,0.0,1.0,1,0
227,-0.8141808578020261,-0.44045480789208313,0,0,0,2,0.0,0.0,1.0,0,1
328,0.5036169094488053,-0.3921192264701557,1,0,0,2,0.0,0.0,1.0,0,1
201,-0.11652321631629182,-0.4597890404608541,0,0,0,3,0.0,0.0,1.0,0,0
1171,-0.5816283106401147,-0.44045480789208313,0,0,0,2,0.0,0.0,1.0,0,0
336,-0.11652321631629182,-0.4908050163476765,0,0,0,3,0.0,0.0,1.0,0,0
142,-0.5816283106401147,-0.49362394745620336,1,0,0,3,0.0,0.0,1.0,0,1
80,0.03851181512498246,-0.40226969856876044,1,0,0,3,0.0,0.0,1.0,0,1
399,-0.5041107949194775,-0.44045480789208313,0,0,0,2,0.0,0.0,1.0,0,0
1022,0.19354684656625676,-0.48782367768557205,0,0,0,3,0.0,0.0,1.0,0,0
1201,1.2012745509345397,-0.3706910965141868,1,1,0,3,0.0,0.0,1.0,1,0
1277,-0.4265932791988404,0.6132608671059354,1,1,2,2,0.0,0.0,1.0,3,0
560,0.5036169094488053,-0.3070486031675634,1,1,0,3,0.0,0.0,1.0,1,1
986,-0.34907576347820324,-0.14077420307613292,0,0,0,1,1.0,0.0,0.0,0,0
994,-0.11652321631629182,-0.49362394745620336,0,0,0,3,0.0,1.0,0.0,0,0
407,1.6663796452583626,-0.49362394745620336,0,0,0,3,0.0,0.0,1.0,0,0
472,0.6586519408900796,-0.4759814602371998,0,0,0,3,0.0,0.0,1.0,0,0
815,0.07727057298530103,-0.48782367768557205,0,0,0,3,0.0,0.0,1.0,0,0
213,-0.5816283106401147,-0.5032910637405889,0,0,0,3,0.0,0.0,1.0,0,0
640,-0.11652321631629182,-0.3321831055069656,0,1,0,3,0.0,0.0,1.0,1,0
1173,-2.228875519703654,-0.3771351962293582,0,1,1,3,0.0,0.0,1.0,2,0
135,-0.34907576347820324,-0.3921192264701557,0,0,0,2,0.0,0.0,1.0,0,0
956,-1.279285952125849,4.429355020367108,0,2,2,1,1.0,0.0,0.0,4,0
284,-0.8141808578020261,-0.48782367768557205,0,0,0,3,0.0,0.0,1.0,0,1
587,1.356309582375814,-0.3534507613326137,0,0,0,2,0.0,0.0,1.0,0,0
1106,0.6586519408900796,-0.4931405916419841,1,4,2,3,0.0,0.0,1.0,6,0
449,-1.8994260778909462,-0.2711197987850163,1,2,1,3,1.0,0.0,0.0,3,1
870,-1.9769435936115833,-0.4282104384062805,0,1,1,3,0.0,0.0,1.0,2,1
1107,0.9687220037726282,0.1782406343085883,0,0,0,1,0.0,0.0,1.0,0,0
306,-2.2156975420311458,2.286638695933064,0,1,2,1,0.0,0.0,1.0,3,1
1305,-0.11652321631629182,-0.48782367768557205,0,0,0,3,0.0,0.0,1.0,0,0
238,-1.6668735307290348,-0.13594064493394017,1,0,2,2,0.0,0.0,1.0,2,1
101,-0.11652321631629182,-0.4908050163476765,1,0,0,3,0.0,0.0,1.0,0,0
737,1.4338270980964511,0.02114999468732407,1,1,3,3,0.0,0.0,1.0,4,0
887,-0.19404073203692898,-0.3921192264701557,0,0,0,2,0.0,0.0,1.0,0,0
1136,-0.11652321631629182,-0.19007649612649893,0,1,2,3,0.0,0.0,1.0,3,0
1023,1.8214146766996369,-0.09243862165420545,0,0,0,1,1.0,0.0,0.0,0,0
125,1.898932192420274,0.8508302497947088,0,0,1,1,0.0,0.0,1.0,1,0
393,-0.11652321631629182,-0.4902404567566684,0,2,0,3,0.0,0.0,1.0,2,0
1049,-0.5041107949194775,-0.4916093204225374,1,0,0,3,0.0,0.0,1.0,0,0
78,-0.11652321631629182,-0.48782367768557205,0,0,0,3,0.0,0.0,1.0,0,0
348,-0.11652321631629182,-0.3321831055069656,1,1,0,3,0.0,0.0,1.0,1,1
767,-0.11652321631629182,0.12217135985915248,0,0,0,1,1.0,0.0,0.0,0,0
318,1.898932192420274,-0.3727849939013847,0,0,0,2,0.0,0.0,1.0,0,0
300,1.5888621295377254,4.14216046294407,1,0,1,1,1.0,0.0,0.0,1,1
604,1.1237570352139026,-0.48782367768557205,0,0,0,3,0.0,0.0,1.0,0,0
329,0.1160293308456196,-0.24662912639015405,1,1,1,3,0.0,0.0,1.0,2,1
258,0.03851181512498246,1.0289468673345115,1,0,0,1,0.0,0.0,1.0,0,1
291,-0.2715582477575661,0.8810399881834134,1,0,0,1,0.0,0.0,1.0,0,1
1249,-0.11652321631629182,-0.4911259646083181,0,0,0,3,0.0,0.0,1.0,0,0
111,1.356309582375814,0.36191584371191265,0,0,0,1,0.0,0.0,1.0,0,0
464,1.4338270980964511,-0.3921192264701557,0,0,0,2,0.0,0.0,1.0,0,0
361,0.8136869723313539,-0.10403916119546806,0,1,4,3,0.0,0.0,1.0,5,0
797,1.5113446138170883,-0.14214306674200186,1,0,0,1,0.0,0.0,1.0,0,1
340,1.2012745509345397,0.042901006327191425,0,0,0,1,0.0,0.0,1.0,0,0
1086,-1.6668735307290348,-0.015101691379121521,0,0,2,2,0.0,0.0,1.0,2,0
531,-2.1319786250528576,-0.14077420307613292,1,1,1,2,0.0,0.0,1.0,2,1
933,-0.11652321631629182,-0.13014037516330884,0,0,0,1,0.0,0.0,1.0,0,0
630,-0.11652321631629182,-0.4939468291401018,0,0,0,3,0.0,1.0,0.0,0,0
674,0.1160293308456196,-0.3921192264701557,0,0,0,2,0.0,0.0,1.0,0,1
215,-0.11652321631629182,-0.49362394745620336,0,1,0,3,0.0,1.0,0.0,1,0
1030,-0.5041107949194775,-0.48782367768557205,1,0,0,3,0.0,0.0,1.0,0,0
523,-0.11652321631629182,-0.5037744195548081,0,0,0,3,1.0,0.0,0.0,0,0
247,-0.34907576347820324,-0.4931405916419841,1,0,0,3,0.0,0.0,1.0,0,0
384,0.4260993937281682,0.36191584371191265,1,1,0,1,0.0,0.0,1.0,1,1
1270,1.9764497081409111,0.3232473785743707,0,0,0,1,0.0,0.0,1.0,0,0
69,-0.9692158892433004,-0.4902404567566684,1,4,2,3,0.0,0.0,1.0,6,1
326,0.5036169094488053,1.9789015164057067,1,0,0,1,1.0,0.0,0.0,0,1
919,-0.5428695527797961,-0.5037744195548081,0,0,0,3,1.0,0.0,0.0,0,0
170,-0.11652321631629182,0.4488386864945933,0,0,0,3,0.0,0.0,1.0,0,0
1015,-0.11652321631629182,-0.5032910637405889,0,0,0,3,0.0,0.0,1.0,0,0
889,-0.11652321631629182,-0.19007649612649893,1,1,2,3,0.0,0.0,1.0,3,0
796,0.7361694566107168,-0.3921192264701557,0,0,0,2,0.0,0.0,1.0,0,0
816,-0.11652321631629182,-0.6434642498641785,0,0,0,1,0.0,0.0,1.0,0,0
1261,-0.03900570059565468,-0.3755246546563796,0,0,0,2,1.0,0.0,0.0,0,0
804,-2.2544562998914643,-0.4788003913457266,0,0,1,3,1.0,0.0,0.0,1,1
1298,-0.5041107949194775,-0.44045480789208313,0,1,0,2,0.0,0.0,1.0,1,0
1048,-0.03900570059565468,3.644466381851795,1,0,0,1,0.0,0.0,1.0,0,0
67,-0.03900570059565468,-0.44045480789208313,1,0,0,2,0.0,0.0,1.0,0,1
559,0.7361694566107168,0.8965073742384304,1,1,1,1,0.0,0.0,1.0,2,1
649,-0.11652321631629182,-0.49749079396995755,0,0,0,3,0.0,0.0,1.0,0,0
385,-0.11652321631629182,-0.4908050163476765,0,0,0,3,0.0,0.0,1.0,0,0
659,-0.5041107949194775,-0.3921192264701557,0,0,0,2,0.0,0.0,1.0,0,0
603,-0.11652321631629182,0.17630721105171118,0,0,0,1,0.0,0.0,1.0,0,0
451,0.5036169094488053,-0.10693929608078369,0,1,2,2,0.0,0.0,1.0,3,0
65,-0.11652321631629182,-0.10750385567179178,0,0,0,1,1.0,0.0,0.0,0,0
249,0.5811344251694425,0.37263087540152556,0,1,1,1,0.0,0.0,1.0,2,1
85,-0.9692158892433004,-0.44045480789208313,1,0,0,2,0.0,0.0,1.0,0,1
1139,0.9687220037726282,-0.015101691379121521,0,1,1,2,0.0,0.0,1.0,2,0
1006,2.596589833906008,3.644466381851795,1,1,0,1,0.0,0.0,1.0,1,0
434,-0.9692158892433004,-0.5057078428116852,0,0,0,3,0.0,0.0,1.0,0,0
324,-0.5816283106401147,-0.08277150536981996,1,1,1,2,0.0,0.0,1.0,2,1
1237,-1.0467334049639376,-0.4955573707130805,1,0,0,3,0.0,0.0,1.0,0,0
220,0.03851181512498246,-0.44045480789208313,0,0,0,2,0.0,0.0,1.0,0,0
1126,0.7361694566107168,0.7347436506052941,0,1,0,1,1.0,0.0,0.0,1,0
869,-0.11652321631629182,-0.4597890404608541,0,0,0,3,0.0,0.0,1.0,0,0
92,-0.736663342081389,-0.4916093204225374,0,0,0,3,0.0,0.0,1.0,0,0
847,-0.11652321631629182,0.7012316252938433,0,8,2,3,0.0,0.0,1.0,10,0
194,-2.0544611093322205,-0.14077420307613292,0,1,1,2,0.0,0.0,1.0,2,1
1033,0.2710643622868939,2.286638695933064,1,0,0,1,0.0,0.0,1.0,0,0
158,0.03851181512498246,-0.48782367768557205,0,0,0,3,0.0,0.0,1.0,0,0
389,-0.11652321631629182,-0.4940260994936338,0,0,0,3,0.0,1.0,0.0,0,0
894,2.519072318185371,-0.4561638718542096,0,0,0,2,0.0,1.0,0.0,0,0
198,0.9687220037726282,-0.4809754925097134,0,0,1,3,0.0,0.0,1.0,1,0
263,1.7438971609789997,0.8965073742384304,0,1,1,1,0.0,0.0,1.0,2,0
982,-0.5816283106401147,-0.3747184171582618,1,1,0,3,0.0,0.0,1.0,1,0
915,-0.6591458263607518,0.5432554778209294,0,0,1,1,1.0,0.0,0.0,1,0
37,-0.11652321631629182,-0.5036932157780193,0,0,0,3,1.0,0.0,0.0,0,1
1112,0.03851181512498246,-0.3755246546563796,1,1,0,2,1.0,0.0,0.0,1,0
436,-1.201768436405212,1.6766436583883395,1,1,2,1,0.0,0.0,1.0,3,1
320,0.8136869723313539,1.9569900306355188,1,1,1,1,1.0,0.0,0.0,2,1
875,-0.11652321631629182,-0.17944266821367488,1,1,0,2,1.0,0.0,0.0,1,1
1154,-0.03900570059565468,-0.19877690078244586,1,0,2,2,0.0,0.0,1.0,2,0
1217,-0.5041107949194775,-0.507157910254343,0,0,0,3,0.0,0.0,1.0,0,0
1287,-0.8916983735226632,0.5165897042620805,1,1,0,1,0.0,0.0,1.0,1,0
892,0.3873406358678496,-0.4920926762367567,0,0,0,3,0.0,1.0,0.0,0,0
907,-0.4265932791988404,-0.10750385567179178,1,1,0,2,1.0,0.0,0.0,1,0
697,1.1237570352139026,-0.48782367768557205,0,0,0,3,0.0,0.0,1.0,0,0
205,-0.8916983735226632,-0.48782367768557205,0,0,0,3,0.0,0.0,1.0,0,1
1115,-0.6591458263607518,-0.49273843960455366,0,0,0,3,0.0,0.0,1.0,0,0
54,-0.03900570059565468,-0.14077420307613292,1,1,0,2,0.0,0.0,1.0,1,1
988,3.604317538274291,0.8810399881834134,1,1,0,1,0.0,0.0,1.0,1,0
641,-0.736663342081389,-0.4916093204225374,0,0,0,3,0.0,0.0,1.0,0,0
1074,-0.8916983735226632,0.38318349953756076,1,1,0,1,0.0,0.0,1.0,1,0
920,0.891204488051991,-0.05377015651666348,0,0,0,1,0.0,0.0,1.0,0,0
970,0.03851181512498246,-0.3921192264701557,0,0,0,2,0.0,0.0,1.0,0,0
1080,-0.11652321631629182,0.7012316252938433,1,8,2,3,0.0,0.0,1.0,10,0
444,-0.11652321631629182,-0.3921192264701557,1,0,0,2,0.0,0.0,1.0,0,1
806,0.1160293308456196,-0.4931405916419841,0,0,0,3,0.0,0.0,1.0,0,0
228,-0.6979045842210704,-0.5032910637405889,0,0,0,3,0.0,0.0,1.0,0,0
650,-0.5041107949194775,-0.49749079396995755,1,0,0,3,0.0,0.0,1.0,0,1
751,-1.9769435936115833,-0.19877690078244586,1,1,1,2,0.0,0.0,1.0,2,1
769,-0.11652321631629182,-0.17654253332835926,0,1,0,3,0.0,1.0,0.0,1,0
425,-0.8916983735226632,-0.252671074067895,0,1,1,3,0.0,0.0,1.0,2,0
571,2.519072318185371,-0.44045480789208313,0,0,0,2,0.0,0.0,1.0,0,1
1189,-0.11652321631629182,-0.22431355515927853,0,2,0,3,1.0,0.0,0.0,2,0
155,-0.11652321631629182,-0.5020826742050406,0,0,0,3,0.0,0.0,1.0,0,0
14,0.7361694566107168,-0.038786126275866,0,1,5,3,0.0,0.0,1.0,6,0
512,-0.11652321631629182,-0.48782367768557205,0,0,0,3,0.0,0.0,1.0,0,0
305,-0.11652321631629182,-0.48782367768557205,0,0,0,3,0.0,0.0,1.0,0,0
906,1.356309582375814,0.5393074275303864,1,1,0,1,0.0,0.0,1.0,1,0
256,-0.03900570059565468,-0.34869840696720983,1,0,2,3,1.0,0.0,0.0,2,1
775,1.898932192420274,-0.19877690078244586,1,1,3,2,0.0,0.0,1.0,4,1
296,-0.11652321631629182,-0.10750385567179178,0,0,0,1,1.0,0.0,0.0,0,0
1093,-2.261432876306322,-0.3650513008738763,0,0,2,3,0.0,0.0,1.0,2,0
226,-0.5816283106401147,-0.46268917534616977,0,0,0,3,0.0,0.0,1.0,0,0
579,-0.11652321631629182,-0.3639241151151169,1,1,0,3,1.0,0.0,0.0,1,0
299,-0.11652321631629182,-0.05377015651666348,0,0,0,1,0.0,0.0,1.0,0,1
1152,0.5423756673091239,-0.3070486031675634,0,1,0,3,0.0,0.0,1.0,1,0
666,0.19354684656625676,0.7776018439404888,0,2,0,2,0.0,0.0,1.0,2,0
487,0.4260993937281682,1.09661668132521,1,1,0,1,0.0,0.0,1.0,1,1
1208,2.131484739582185,2.189402973498201,0,1,0,1,1.0,0.0,0.0,1,0
455,-0.11652321631629182,-0.48782367768557205,0,0,0,3,0.0,0.0,1.0,0,0
471,-0.11652321631629182,-0.5032910637405889,0,0,0,3,0.0,0.0,1.0,0,0
1254,0.1160293308456196,-0.23744536591998783,1,0,0,2,0.0,0.0,1.0,0,0
492,-0.6591458263607518,-0.5032910637405889,0,0,0,3,0.0,0.0,1.0,0,0
183,-1.5893560150083976,-0.036611025111879254,0,4,2,3,0.0,0.0,1.0,6,0
1248,2.2865197710234595,0.35184657539009667,1,2,0,1,0.0,0.0,1.0,2,0
53,1.5113446138170883,0.8400359477515641,1,1,0,1,1.0,0.0,0.0,1,1
3,-0.2715582477575661,-0.4902404567566684,1,0,0,3,0.0,0.0,1.0,0,1
824,-0.19404073203692898,-0.40226969856876044,1,0,1,3,0.0,0.0,1.0,1,1
144,-0.8141808578020261,-0.5129581800249743,0,0,0,3,0.0,1.0,0.0,0,0
1123,-0.6591458263607518,-0.13014037516330884,1,0,0,1,0.0,0.0,1.0,0,0
1083,-0.11652321631629182,-0.14077420307613292,0,0,0,1,0.0,0.0,1.0,0,0
1222,1.4338270980964511,0.06706879703815516,1,0,2,2,0.0,0.0,1.0,2,0
1125,-0.11652321631629182,-0.4911259646083181,0,0,0,3,0.0,1.0,0.0,0,0
486,-0.11652321631629182,-0.15108514930505848,1,3,1,3,0.0,0.0,1.0,4,0
127,-0.11652321631629182,-0.49362394745620336,0,0,0,3,0.0,1.0,0.0,0,0
344,-0.34907576347820324,-0.3921192264701557,0,0,0,2,0.0,0.0,1.0,0,0
390,-0.9692158892433004,-0.41145345903892666,1,0,0,2,1.0,0.0,0.0,0,1
517,0.34858187800753104,-0.44045480789208313,1,0,0,2,0.0,0.0,1.0,0,1
770,0.19354684656625676,-0.4817817300078311,0,0,0,3,0.0,0.0,1.0,0,0
269,2.2090022553028223,2.3236154157208384,1,0,1,1,0.0,0.0,1.0,1,1
749,-0.8141808578020261,0.38318349953756076,0,1,0,1,0.0,0.0,1.0,1,0
39,-0.8916983735226632,-0.29544806362630077,1,2,0,3,0.0,0.0,1.0,2,0
1211,-0.5816283106401147,-0.0344359239478925,0,2,0,2,0.0,0.0,1.0,2,0
530,-0.5041107949194775,-0.42112057532331215,0,2,1,2,0.0,0.0,1.0,3,0
1021,-0.4265932791988404,-0.48782367768557205,0,0,0,3,0.0,0.0,1.0,0,0
398,1.2787920666551769,-0.14077420307613292,0,0,0,2,0.0,0.0,1.0,0,0
469,-0.11652321631629182,-0.49410730327042257,0,0,0,3,0.0,1.0,0.0,0,0
131,0.2710643622868939,-0.4908050163476765,0,0,0,3,1.0,0.0,0.0,0,0
1137,0.891204488051991,0.35925738673370655,0,1,0,1,0.0,0.0,1.0,1,0
556,2.519072318185371,-0.13014037516330884,0,0,0,1,0.0,0.0,1.0,0,0
1157,-0.11652321631629182,-0.4908050163476765,0,0,0,3,0.0,0.0,1.0,0,0
120,-2.1319786250528576,-0.038786126275866,1,4,2,3,0.0,0.0,1.0,6,0
784,-0.11652321631629182,-0.19007649612649893,0,1,2,3,0.0,0.0,1.0,3,0
1194,1.0462395194932654,-0.23744536591998783,0,0,1,2,0.0,0.0,1.0,1,0
1169,0.8136869723313539,-0.14077420307613292,0,1,0,2,0.0,0.0,1.0,1,0
243,-0.03900570059565468,-0.44045480789208313,0,0,0,2,0.0,0.0,1.0,0,0
883,-0.5816283106401147,-0.44013192620818464,1,0,0,3,0.0,0.0,1.0,0,0
231,0.4260993937281682,0.9704608138139792,1,1,0,1,0.0,0.0,1.0,1,1
1203,-0.5816283106401147,-0.5037744195548081,0,0,0,3,1.0,0.0,0.0,0,0
293,0.5036169094488053,-0.39453600554125207,0,0,0,2,1.0,0.0,0.0,0,0
7,1.898932192420274,0.35925738673370655,0,0,0,1,0.0,0.0,1.0,0,0
20,-0.11652321631629182,-0.5037744195548081,1,0,0,3,1.0,0.0,0.0,0,1
261,-0.11652321631629182,-0.49362394745620336,0,0,0,3,0.0,1.0,0.0,0,0
844,0.3873406358678496,-0.5190001277027153,0,0,0,3,1.0,0.0,0.0,0,0
705,-0.2715582477575661,-0.4916093204225374,0,1,0,3,0.0,0.0,1.0,1,0
682,-0.19404073203692898,0.8400359477515641,0,0,0,1,1.0,0.0,0.0,0,1
268,-0.34907576347820324,-0.4931405916419841,0,1,0,3,0.0,0.0,1.0,1,1
1061,-0.5816283106401147,-0.47018119046656853,1,0,0,3,0.0,0.0,1.0,0,0
117,3.1779712018107866,-0.49362394745620336,0,0,0,3,0.0,1.0,0.0,0,0
615,0.4260993937281682,-0.48782367768557205,0,0,0,3,0.0,0.0,1.0,0,0
288,-0.5816283106401147,-0.4908050163476765,0,0,0,3,0.0,0.0,1.0,0,0
31,0.8136869723313539,-0.10750385567179178,0,0,0,1,1.0,0.0,0.0,0,0
1040,-0.11652321631629182,-0.13014037516330884,0,0,0,1,0.0,0.0,1.0,0,0
687,-1.201768436405212,0.12386310520891992,0,4,1,3,0.0,0.0,1.0,5,0
793,-0.11652321631629182,0.7012316252938433,1,8,2,3,0.0,0.0,1.0,10,0
118,-0.03900570059565468,-0.23744536591998783,0,1,0,2,0.0,0.0,1.0,1,0
557,1.4338270980964511,0.12217135985915248,1,1,0,1,1.0,0.0,0.0,1,1
957,-0.11652321631629182,-0.23744536591998783,1,0,0,2,0.0,0.0,1.0,0,0
351,-0.5041107949194775,-0.4651059544172661,0,0,0,3,0.0,0.0,1.0,0,0
752,-1.821908562170309,-0.40226969856876044,0,0,1,3,0.0,0.0,1.0,1,1
478,-0.03900570059565468,-0.5072391140311319,0,1,0,3,0.0,0.0,1.0,1,0
252,-0.03900570059565468,-0.44117984161341206,1,1,1,3,0.0,0.0,1.0,2,0
272,-0.34907576347820324,-0.6434642498641785,0,0,0,3,0.0,0.0,1.0,0,1
48,-0.11652321631629182,-0.49362394745620336,1,0,0,3,0.0,1.0,0.0,0,1
166,-1.5893560150083976,-0.24662912639015405,0,0,2,3,0.0,0.0,1.0,2,1
438,-0.4265932791988404,-0.2809473891997225,1,2,3,2,0.0,0.0,1.0,5,1
754,-0.5041107949194775,-0.4908050163476765,0,0,0,3,0.0,0.0,1.0,0,0
1213,-0.34907576347820324,-0.5036932157780193,0,0,0,3,1.0,0.0,0.0,0,0
1089,-0.8916983735226632,-0.4931405916419841,1,0,0,3,0.0,0.0,1.0,0,0
460,-0.11652321631629182,-0.49362394745620336,0,0,0,3,0.0,1.0,0.0,0,0
73,-0.6591458263607518,0.7776018439404888,0,0,0,2,0.0,0.0,1.0,0,0
1104,-0.9692158892433004,0.7776018439404888,0,0,0,2,0.0,0.0,1.0,0,0
1128,2.674107349626645,0.811436750935838,0,1,0,1,1.0,0.0,0.0,1,0
229,-0.8916983735226632,-0.3921192264701557,0,0,0,2,0.0,0.0,1.0,0,0
40,-1.201768436405212,-0.42611460759582565,1,1,0,3,1.0,0.0,0.0,1,1
346,-0.4265932791988404,-0.3921192264701557,1,0,0,2,0.0,0.0,1.0,0,1
435,1.5888621295377254,0.43731935073011946,0,1,0,1,0.0,0.0,1.0,1,0
392,-0.6591458263607518,-0.49273843960455366,0,0,0,3,0.0,0.0,1.0,0,1
676,-0.8916983735226632,-0.4931405916419841,0,0,0,3,0.0,0.0,1.0,0,0
151,1.6663796452583626,-0.4013029869403219,0,0,0,2,0.0,0.0,1.0,0,0
163,-0.2715582477575661,-0.4931405916419841,0,0,0,3,0.0,0.0,1.0,0,0
1016,-0.11652321631629182,-0.49362394745620336,0,0,0,3,0.0,1.0,0.0,0,0
655,-0.8916983735226632,-0.5129581800249743,1,0,0,3,0.0,1.0,0.0,0,0
990,-0.736663342081389,-0.4916093204225374,1,0,0,3,0.0,0.0,1.0,0,0
928,-0.11652321631629182,-0.48782367768557205,1,0,0,3,0.0,0.0,1.0,0,0
242,-0.11652321631629182,-0.3437836450482282,1,1,0,3,0.0,1.0,0.0,1,1
1100,0.2710643622868939,-0.10750385567179178,1,0,0,1,1.0,0.0,0.0,0,0
638,0.1160293308456196,-0.13594064493394017,0,1,1,2,0.0,0.0,1.0,2,0
941,0.5036169094488053,-0.33604995202071986,1,0,2,3,0.0,0.0,1.0,2,0
496,-0.11652321631629182,-0.3639241151151169,0,0,0,3,1.0,0.0,0.0,0,0
1011,-0.03900570059565468,-0.14077420307613292,1,1,0,2,0.0,0.0,1.0,1,0
967,0.23230560442657533,3.4457259384308845,0,0,0,1,1.0,0.0,0.0,0,0
275,-0.11652321631629182,-0.49362394745620336,1,0,0,3,0.0,1.0,0.0,0,1
96,-0.11652321631629182,-0.48782367768557205,0,0,0,3,0.0,0.0,1.0,0,0
1220,-0.03900570059565468,-0.14077420307613292,0,1,0,2,0.0,0.0,1.0,1,0
1246,-2.2738356788216234,-0.2456624147617155,1,1,2,3,0.0,0.0,1.0,3,0
538,0.03851181512498246,1.4141814512672732,1,0,0,1,1.0,0.0,0.0,0,1
277,1.2012745509345397,-0.49362394745620336,1,0,0,3,0.0,0.0,1.0,0,0
68,-0.8141808578020261,-0.48572978029837416,0,0,0,3,0.0,0.0,1.0,0,0
945,-0.11652321631629182,4.44143891572259,1,3,2,1,0.0,0.0,1.0,5,0
360,-0.11652321631629182,-0.4911259646083181,1,0,0,3,0.0,1.0,0.0,0,1
722,-0.9692158892433004,-0.5070767064775542,0,1,0,3,0.0,0.0,1.0,1,0
664,0.5036169094488053,-0.49853870937518496,0,0,0,3,0.0,0.0,1.0,0,0
373,-0.8141808578020261,-0.48782367768557205,0,0,0,3,0.0,0.0,1.0,0,0
462,0.34858187800753104,-0.48782367768557205,0,0,0,3,0.0,0.0,1.0,0,0
584,0.5036169094488053,0.13232183195775724,0,0,0,1,1.0,0.0,0.0,0,0
1134,1.2012745509345397,1.9569900306355188,0,1,1,1,1.0,0.0,0.0,2,0
1036,0.9687220037726282,-0.13014037516330884,0,0,0,1,0.0,0.0,1.0,0,0
702,0.4260993937281682,-0.13521561121261122,0,0,0,1,0.0,0.0,1.0,0,1
1151,-0.6591458263607518,-0.4931405916419841,0,0,0,3,0.0,0.0,1.0,0,0
208,-0.2715582477575661,-0.2802223554783936,0,0,0,3,1.0,0.0,0.0,0,1
878,-0.8141808578020261,-0.4908050163476765,0,0,0,3,0.0,0.0,1.0,0,0
879,-0.11652321631629182,-0.4908050163476765,0,0,0,3,0.0,0.0,1.0,0,0
1198,0.03851181512498246,2.286638695933064,0,1,2,1,0.0,0.0,1.0,3,0
289,0.9687220037726282,-0.3921192264701557,0,0,0,2,0.0,0.0,1.0,0,1
1160,-0.11652321631629182,-0.48782367768557205,1,0,0,3,0.0,0.0,1.0,0,0
285,-0.11652321631629182,-0.14077420307613292,0,0,0,1,0.0,0.0,1.0,0,0
714,-0.03900570059565468,-0.4601119221447526,0,0,0,3,0.0,0.0,1.0,0,0
1155,-2.2094961407734948,-0.40790949420907097,1,1,1,3,0.0,0.0,1.0,2,0
104,0.2710643622868939,-0.4761419343675206,0,0,0,3,0.0,0.0,1.0,0,0
400,-0.11652321631629182,-0.3988862078692256,1,0,0,2,0.0,0.0,1.0,0,1
270,0.4260993937281682,1.9789015164057067,1,0,0,1,0.0,0.0,1.0,0,1
274,0.5811344251694425,-0.06923754257168029,0,0,1,1,1.0,0.0,0.0,1,0
951,0.5036169094488053,4.429355020367108,1,0,0,1,1.0,0.0,0.0,0,0
202,-0.11652321631629182,0.7012316252938433,0,8,2,3,0.0,0.0,1.0,10,0
688,-0.8141808578020261,-0.44681963725372253,0,0,0,3,0.0,0.0,1.0,0,0
855,1.1237570352139026,-0.14077420307613292,1,1,0,2,0.0,0.0,1.0,1,0
1130,-0.8916983735226632,-0.3921192264701557,1,1,1,2,0.0,0.0,1.0,2,0
612,-0.11652321631629182,-0.507157910254343,0,0,0,3,0.0,0.0,1.0,0,0
633,0.19354684656625676,-0.05377015651666348,0,0,0,1,1.0,0.0,0.0,0,1
493,1.9764497081409111,-0.05377015651666348,0,0,0,1,0.0,0.0,1.0,0,0
1271,-1.8994260778909462,-0.036611025111879254,0,4,2,3,0.0,0.0,1.0,6,0
1124,-0.6591458263607518,-0.5178729419439559,0,1,0,3,0.0,0.0,1.0,1,0
470,-2.228875519703654,-0.2711197987850163,1,2,1,3,1.0,0.0,0.0,3,1
367,2.3640372867440966,0.811436750935838,1,1,0,1,1.0,0.0,0.0,1,1
669,1.0462395194932654,-0.48782367768557205,0,0,0,3,0.0,0.0,1.0,0,0
1244,-0.8916983735226632,0.7776018439404888,0,0,0,2,0.0,0.0,1.0,0,0
738,0.4260993937281682,9.262027654708204,0,0,0,1,1.0,0.0,0.0,0,1
109,0.6586519408900796,-0.4908050163476765,0,0,0,3,0.0,0.0,1.0,0,0
1066,0.8136869723313539,-0.036611025111879254,0,1,5,3,0.0,0.0,1.0,6,0
823,0.6586519408900796,-0.6434642498641785,0,0,0,1,0.0,0.0,1.0,0,0
725,-0.19404073203692898,0.38318349953756076,0,1,0,1,0.0,0.0,1.0,1,1
703,-0.8916983735226632,-0.3640033854686489,1,0,1,3,1.0,0.0,0.0,1,0
608,-0.19404073203692898,-0.05377015651666348,0,0,0,1,0.0,0.0,1.0,0,1
830,2.519072318185371,0.9032743556375001,1,0,0,1,0.0,0.0,1.0,0,1
594,-0.11652321631629182,-0.49362394745620336,1,0,2,3,0.0,1.0,0.0,2,0
513,0.5036169094488053,-0.13521561121261122,0,0,0,1,0.0,0.0,1.0,0,1
1013,-0.11652321631629182,-0.49362394745620336,0,1,0,3,0.0,1.0,0.0,1,0
1292,0.03851181512498246,2.544106870781617,1,0,0,1,0.0,0.0,1.0,0,0
563,-0.11652321631629182,-0.3824521101857702,0,0,0,2,0.0,0.0,1.0,0,0
881,-0.34907576347820324,-0.14077420307613292,1,0,1,2,0.0,0.0,1.0,1,1
58,-0.07776445845597325,-0.5036932157780193,0,0,0,3,1.0,0.0,0.0,0,0
1288,-0.4265932791988404,-0.5032910637405889,0,0,0,3,0.0,1.0,0.0,0,0
447,-1.279285952125849,-0.2664467147731443,1,0,1,2,0.0,0.0,1.0,1,1
532,-0.11652321631629182,-0.5036932157780193,0,0,0,3,1.0,0.0,0.0,0,0
1181,-0.11652321631629182,-0.48782367768557205,0,0,0,3,0.0,0.0,1.0,0,0
838,-0.11652321631629182,-0.48782367768557205,0,0,0,3,0.0,0.0,1.0,0,0
63,1.2012745509345397,0.9704608138139792,0,1,0,1,0.0,0.0,1.0,1,0
214,0.03851181512498246,-0.3921192264701557,0,0,0,2,0.0,0.0,1.0,0,0
506,-0.8916983735226632,1.4620336768749818,0,1,0,1,1.0,0.0,0.0,1,0
432,-0.11652321631629182,-0.3321831055069656,1,1,0,3,0.0,0.0,1.0,1,1
1067,-1.1242509206845748,0.11057082031788987,1,0,2,2,0.0,0.0,1.0,2,0
948,0.4260993937281682,-0.4908050163476765,0,0,0,3,0.0,0.0,1.0,0,0
1164,-0.2715582477575661,2.0010566135062615,1,1,0,1,1.0,0.0,0.0,1,0
178,1.5888621295377254,-0.08833009723334165,1,0,0,1,1.0,0.0,0.0,0,0
639,0.891204488051991,0.12386310520891992,1,0,5,3,0.0,0.0,1.0,5,0
253,2.519072318185371,-0.13014037516330884,0,0,0,1,0.0,0.0,1.0,0,0
401,0.7361694566107168,-0.4902404567566684,0,0,0,3,0.0,0.0,1.0,0,1
931,-0.11652321631629182,0.4488386864945933,0,0,0,3,0.0,0.0,1.0,0,0
437,-0.6591458263607518,0.02114999468732407,1,2,2,3,0.0,0.0,1.0,4,0
971,-0.4265932791988404,-0.49362394745620336,1,0,0,3,0.0,1.0,0.0,0,0
86,0.2710643622868939,-0.33701666364915833,1,3,0,3,0.0,0.0,1.0,3,1
1096,-0.34907576347820324,-0.44045480789208313,0,0,0,2,0.0,0.0,1.0,0,0
798,0.1160293308456196,-0.4755793081997694,1,0,0,3,0.0,0.0,1.0,0,1
898,0.03851181512498246,-0.49595952275051086,1,0,0,3,0.0,1.0,0.0,0,0
1077,0.8136869723313539,-0.33411652876384274,0,0,0,2,0.0,0.0,1.0,0,0
23,-1.1242509206845748,-0.4882258297230025,1,0,0,3,0.0,1.0,0.0,0,1
564,-0.11652321631629182,-0.48782367768557205,0,0,0,3,0.0,0.0,1.0,0,0
1127,-0.736663342081389,-0.4916093204225374,0,0,0,3,0.0,0.0,1.0,0,0
1308,-0.11652321631629182,-0.48782367768557205,0,0,0,3,0.0,0.0,1.0,0,0
1110,1.5888621295377254,3.4457259384308845,1,1,1,1,1.0,0.0,0.0,2,0
413,0.2710643622868939,1.09661668132521,1,1,0,1,0.0,1.0,0.0,1,1
657,-0.11652321631629182,-0.4908050163476765,0,0,0,3,0.0,0.0,1.0,0,0
397,0.1160293308456196,-0.4916093204225374,1,0,0,3,0.0,0.0,1.0,0,0
1233,0.19354684656625676,-0.49692623437894945,0,0,0,3,0.0,0.0,1.0,0,0
423,-0.03900570059565468,-0.491207168385107,0,0,0,3,0.0,0.0,1.0,0,0
932,0.7361694566107168,-0.3840626517587488,0,0,1,3,1.0,0.0,0.0,1,0
196,2.2090022553028223,2.189402973498201,1,0,0,1,1.0,0.0,0.0,0,1
805,-0.19404073203692898,-0.5086079776970008,0,0,0,3,0.0,0.0,1.0,0,1
443,-0.34907576347820324,-0.4931405916419841,0,1,0,3,0.0,0.0,1.0,1,0
1148,-0.11652321631629182,-0.49362394745620336,0,0,0,3,0.0,1.0,0.0,0,0
592,1.7438971609789997,0.8697623303260494,1,1,0,1,1.0,0.0,0.0,1,1
663,1.356309582375814,-0.14874957401075098,0,0,0,1,0.0,0.0,1.0,0,0
377,-0.5816283106401147,-0.5032910637405889,1,0,0,3,0.0,0.0,1.0,0,1
237,1.1237570352139026,-0.14077420307613292,0,1,0,2,0.0,0.0,1.0,1,0
593,1.356309582375814,-0.5032910637405889,0,0,0,3,0.0,0.0,1.0,0,0
864,-0.11652321631629182,0.7012316252938433,1,8,2,3,0.0,0.0,1.0,10,0
525,-0.11652321631629182,-0.5036932157780193,0,0,0,3,1.0,0.0,0.0,0,0
1276,-0.11652321631629182,-0.39453600554125207,0,0,0,2,0.0,0.0,1.0,0,0
972,-1.821908562170309,-0.34869840696720983,0,1,1,3,1.0,0.0,0.0,2,0
319,0.1160293308456196,2.544106870781617,1,0,2,1,0.0,0.0,1.0,2,1
115,-0.9692158892433004,-0.3639241151151169,1,0,0,3,1.0,0.0,0.0,0,0
1221,-0.6591458263607518,-0.3921192264701557,0,0,0,2,0.0,0.0,1.0,0,0
825,-2.1319786250528576,0.12386310520891992,0,4,1,3,0.0,0.0,1.0,5,0
609,-0.5816283106401147,0.16043767295926398,1,1,2,2,1.0,0.0,0.0,3,1
1044,2.402796044604415,-0.3640033854686489,0,0,0,3,0.0,0.0,1.0,0,0
936,1.2012745509345397,0.37263087540152556,1,1,0,1,0.0,0.0,1.0,1,0
500,-0.4265932791988404,-0.49273843960455366,0,0,0,3,0.0,0.0,1.0,0,0
729,-0.34907576347820324,-0.14077420307613292,0,1,0,2,0.0,0.0,1.0,1,0
403,-0.6591458263607518,-0.45350541487600354,1,1,0,3,0.0,0.0,1.0,1,0
1057,-0.2715582477575661,-0.21762777753699758,1,1,1,3,0.0,0.0,1.0,2,0
1176,-2.1319786250528576,-0.252671074067895,1,1,1,3,0.0,0.0,1.0,2,0
1010,0.5036169094488053,0.8112762768055171,0,0,0,1,1.0,0.0,0.0,0,0
960,0.1160293308456196,-0.09171358793287651,0,0,0,1,1.0,0.0,0.0,0,0
294,-0.4265932791988404,-0.47235629163055526,1,0,0,3,0.0,0.0,1.0,0,0
904,-0.5041107949194775,0.9470992606011334,1,1,0,1,0.0,0.0,1.0,1,0
854,-1.0467334049639376,0.11830451334539824,1,0,1,1,0.0,0.0,1.0,1,1
1060,-0.11652321631629182,-0.10750385567179178,1,0,0,1,1.0,0.0,0.0,0,0
1143,-0.736663342081389,-0.4902404567566684,0,0,0,3,0.0,0.0,1.0,0,0
148,-1.5893560150083976,0.02114999468732407,1,2,2,3,0.0,0.0,1.0,4,0
686,-0.34907576347820324,0.16043767295926398,0,1,2,2,1.0,0.0,0.0,3,0
154,0.8524457301916725,-0.3631178776169992,0,0,2,3,0.0,0.0,1.0,2,0
15,-1.201768436405212,-0.4916093204225374,1,0,0,3,0.0,0.0,1.0,0,0
180,0.5036169094488053,-0.6434642498641785,0,0,0,3,0.0,0.0,1.0,0,0
321,-0.5816283106401147,-0.5032910637405889,0,0,0,3,0.0,0.0,1.0,0,0
739,-0.11652321631629182,-0.4908050163476765,0,0,0,3,0.0,0.0,1.0,0,0
727,0.03851181512498246,-0.23744536591998783,1,3,0,2,0.0,0.0,1.0,3,1
730,-0.34907576347820324,-0.4902404567566684,1,1,0,3,0.0,0.0,1.0,1,0
670,-0.11652321631629182,0.36191584371191265,1,1,0,1,0.0,0.0,1.0,1,1
130,1.2012745509345397,-0.5086079776970008,0,0,0,3,0.0,0.0,1.0,0,0
750,0.1160293308456196,-0.49362394745620336,0,0,0,3,0.0,1.0,0.0,0,0
834,-0.5041107949194775,-0.4916093204225374,0,0,0,3,0.0,0.0,1.0,0,0
1038,-0.11652321631629182,0.35925738673370655,0,0,0,1,0.0,0.0,1.0,0,0
781,-1.279285952125849,-0.5036932157780193,1,0,0,3,1.0,0.0,0.0,0,1
484,2.596589833906008,-0.4580972951110867,1,0,0,3,0.0,0.0,1.0,0,1
1085,2.4415548024647338,-0.40468647763985677,0,0,0,2,0.0,1.0,0.0,0,0
766,1.6663796452583626,0.8637996530018404,1,1,0,1,0.0,0.0,1.0,1,1
607,0.03851181512498246,-0.4908050163476765,0,0,0,3,0.0,0.0,1.0,0,0
897,-1.201768436405212,-0.4651059544172661,0,0,0,3,0.0,0.0,1.0,0,0
13,-0.736663342081389,-0.48782367768557205,0,0,0,3,0.0,0.0,1.0,0,0
1175,-1.5893560150083976,-0.34869840696720983,1,1,1,3,1.0,0.0,0.0,2,0
916,1.4338270980964511,4.429355020367108,1,1,3,1,1.0,0.0,0.0,4,0
1026,1.0462395194932654,-0.4908050163476765,0,0,0,3,0.0,0.0,1.0,0,0
644,-0.11652321631629182,0.4488386864945933,0,0,0,3,0.0,0.0,1.0,0,1
133,1.356309582375814,-0.3631178776169992,1,1,0,3,0.0,0.0,1.0,1,0
128,-0.4265932791988404,-0.5053849611277867,0,0,0,3,0.0,0.0,1.0,0,1
461,1.4338270980964511,-0.13014037516330884,0,0,0,1,0.0,0.0,1.0,0,1
1274,-0.11652321631629182,-0.3631178776169992,1,0,0,3,0.0,0.0,1.0,0,0
149,0.5423756673091239,-0.14077420307613292,0,0,2,2,0.0,0.0,1.0,2,0
741,-0.11652321631629182,-0.06343727280104898,0,0,0,1,0.0,0.0,1.0,0,1
803,-1.4343209835671233,1.6766436583883395,0,1,2,1,0.0,0.0,1.0,3,1
675,-0.11652321631629182,-0.6434642498641785,0,0,0,2,0.0,0.0,1.0,0,0
569,-0.11652321631629182,-0.5036932157780193,0,0,0,3,1.0,0.0,0.0,0,0
746,3.139212443950468,0.7292662625185613,0,1,1,1,0.0,0.0,1.0,2,0
717,0.6586519408900796,3.7555570153454396,1,0,0,1,1.0,0.0,0.0,0,1
753,0.2710643622868939,-0.4597890404608541,0,0,0,3,0.0,0.0,1.0,0,0
581,-0.34907576347820324,-0.06343727280104898,1,1,1,2,0.0,0.0,1.0,2,1
533,-0.9692158892433004,-0.5036932157780193,0,1,1,3,1.0,0.0,0.0,2,0
331,-0.11652321631629182,-0.19394334264025312,1,2,0,3,0.0,1.0,0.0,2,1
396,-0.5816283106401147,-0.49273843960455366,0,0,0,3,0.0,0.0,1.0,0,0
254,0.03851181512498246,-0.3321831055069656,0,1,0,3,0.0,0.0,1.0,1,0
1216,0.7361694566107168,3.4425841256384593,1,0,0,1,0.0,0.0,1.0,0,0
498,-0.11652321631629182,-0.3515173380757366,0,0,0,3,0.0,0.0,1.0,0,0
1135,-0.11652321631629182,-0.49096549047799737,0,0,0,3,0.0,0.0,1.0,0,0
136,-0.5041107949194775,-0.352565253480964,0,0,0,2,1.0,0.0,0.0,0,0
311,-0.4265932791988404,0.9643376623594495,1,0,0,1,1.0,0.0,0.0,0,1
671,0.8136869723313539,0.11057082031788987,1,1,1,2,0.0,0.0,1.0,2,1
1141,-0.11652321631629182,-0.3640033854686489,1,1,0,3,1.0,0.0,0.0,1,0
1206,1.9764497081409111,1.9789015164057067,1,0,0,1,1.0,0.0,0.0,0,0
452,-0.11652321631629182,-0.2574234284332989,0,1,0,3,0.0,0.0,1.0,1,0
490,-1.5893560150083976,-0.33604995202071986,0,1,1,3,0.0,0.0,1.0,2,1
1250,-0.11652321631629182,-0.49362394745620336,0,0,0,3,0.0,1.0,0.0,0,0
1039,-0.5816283106401147,-0.48782367768557205,0,0,0,3,0.0,0.0,1.0,0,0
1076,-0.19404073203692898,4.14216046294407,1,1,1,1,1.0,0.0,0.0,2,0
179,0.03851181512498246,-0.3921192264701557,0,0,0,2,0.0,0.0,1.0,0,0
1232,-0.8916983735226632,-0.44045480789208313,0,0,0,2,0.0,0.0,1.0,0,0
985,-0.11652321631629182,-0.48782367768557205,0,0,0,3,0.0,0.0,1.0,0,0
921,-0.11652321631629182,-0.22431355515927853,0,2,0,3,1.0,0.0,0.0,2,0
575,-1.0467334049639376,-0.48782367768557205,0,0,0,3,0.0,0.0,1.0,0,0
959,1.356309582375814,0.17630721105171118,0,0,0,1,0.0,0.0,1.0,0,0
184,-2.2094961407734948,0.11057082031788987,0,2,1,2,0.0,0.0,1.0,3,1
620,-0.2715582477575661,-0.44045480789208313,0,0,0,2,0.0,0.0,1.0,0,0
26,0.6586519408900796,-0.036611025111879254,1,1,5,3,0.0,0.0,1.0,6,1
800,0.03851181512498246,-0.17654253332835926,1,1,1,3,0.0,0.0,1.0,2,0
789,-2.2094961407734948,-0.2456624147617155,0,1,2,3,0.0,0.0,1.0,3,1
301,-0.11652321631629182,-0.49362394745620336,1,0,0,3,0.0,1.0,0.0,0,1
466,0.6586519408900796,-0.507157910254343,0,0,0,3,0.0,0.0,1.0,0,0
801,0.34858187800753104,-0.3921192264701557,0,0,0,2,0.0,0.0,1.0,0,0
187,-0.11652321631629182,-0.3437836450482282,1,1,0,3,0.0,1.0,0.0,1,1
850,-0.11652321631629182,1.079297075790105,1,1,0,1,1.0,0.0,0.0,1,1
475,-0.5816283106401147,-0.45326373696889394,1,0,0,3,0.0,0.0,1.0,0,0
829,-0.11652321631629182,-0.49362394745620336,0,0,0,3,0.0,1.0,0.0,0,1
1300,-0.11652321631629182,-0.49418850704721146,1,0,0,3,0.0,1.0,0.0,0,0
376,-0.11652321631629182,0.9452451076977882,1,1,0,1,1.0,0.0,0.0,1,1
1257,-0.11652321631629182,0.7012316252938433,1,1,9,3,0.0,0.0,1.0,10,0
926,0.03851181512498246,0.47308768098234577,0,1,0,1,1.0,0.0,0.0,1,0
572,1.8214146766996369,0.35184657539009667,1,2,0,1,0.0,0.0,1.0,2,1
174,-0.6591458263607518,-0.4902404567566684,0,0,0,3,0.0,0.0,1.0,0,0
914,-0.11652321631629182,-0.0308919591180368,1,0,0,1,0.0,0.0,1.0,0,0
18,-0.11652321631629182,-0.3921192264701557,0,0,0,2,0.0,0.0,1.0,0,1
1269,-0.6591458263607518,-0.42112057532331215,0,0,0,2,0.0,0.0,1.0,0,0
602,-0.11652321631629182,-0.4908050163476765,0,0,0,3,0.0,0.0,1.0,0,0
1303,0.5811344251694425,1.09661668132521,1,1,0,1,0.0,1.0,0.0,1,0
544,0.19354684656625676,-0.14077420307613292,0,1,0,2,0.0,0.0,1.0,1,1
841,-0.736663342081389,-0.4902404567566684,0,0,0,3,0.0,0.0,1.0,0,0
122,-0.11652321631629182,-0.48782367768557205,0,0,0,3,0.0,0.0,1.0,0,0
1195,-0.4265932791988404,-0.4759814602371998,0,0,0,3,0.0,0.0,1.0,0,0
613,-0.11652321631629182,-0.3437836450482282,1,1,0,3,0.0,1.0,0.0,1,1
833,-0.11652321631629182,-0.5036932157780193,0,0,0,3,1.0,0.0,0.0,0,0
902,-0.11652321631629182,-0.4908050163476765,0,0,0,3,0.0,0.0,1.0,0,0
157,-1.0467334049639376,-0.4939468291401018,1,0,0,3,0.0,1.0,0.0,0,1
780,1.0462395194932654,3.4425841256384593,1,0,1,1,0.0,0.0,1.0,1,1
1285,1.356309582375814,-0.44045480789208313,0,0,0,2,0.0,0.0,1.0,0,0
1108,-0.11652321631629182,-0.4911259646083181,1,0,0,3,0.0,1.0,0.0,0,0
508,-0.11652321631629182,-0.13014037516330884,0,0,0,1,0.0,0.0,1.0,0,1
132,-0.736663342081389,-0.507157910254343,0,0,0,3,0.0,0.0,1.0,0,0
872,1.356309582375814,0.37263087540152556,1,1,1,1,0.0,0.0,1.0,2,1
119,-0.4265932791988404,4.14216046294407,0,0,1,1,1.0,0.0,0.0,1,0
779,-0.11652321631629182,-0.49386562536331297,0,0,0,3,0.0,1.0,0.0,0,0
1179,-0.4265932791988404,0.9470992606011334,0,1,0,1,0.0,0.0,1.0,1,0
973,2.9066598967885566,3.644466381851795,0,1,0,1,0.0,0.0,1.0,1,0
418,-0.8916983735226632,-0.3921192264701557,1,0,2,2,0.0,0.0,1.0,2,1
1122,-1.201768436405212,0.6132608671059354,0,0,0,2,0.0,0.0,1.0,0,0
191,0.19354684656625676,-0.3921192264701557,1,0,0,2,0.0,0.0,1.0,0,1
740,-0.11652321631629182,-0.4908050163476765,0,0,0,3,0.0,0.0,1.0,0,0
366,0.03851181512498246,-0.5032910637405889,0,0,0,3,0.0,0.0,1.0,0,0
1170,0.03851181512498246,-0.23744536591998783,0,1,0,2,0.0,0.0,1.0,1,0
1098,0.4260993937281682,-0.49362394745620336,1,0,0,3,0.0,1.0,0.0,0,0
942,-0.4265932791988404,0.5165897042620805,0,1,0,1,0.0,0.0,1.0,1,0
600,1.5113446138170883,0.4572181428898986,0,1,0,1,1.0,0.0,0.0,1,1
1247,1.5888621295377254,-0.14077420307613292,0,0,0,1,0.0,0.0,1.0,0,0
1146,0.23230560442657533,-0.4597890404608541,0,0,0,3,0.0,0.0,1.0,0,0
159,-0.11652321631629182,-0.4759814602371998,0,0,0,3,0.0,0.0,1.0,0,0
790,1.2787920666551769,0.8878069695824834,0,0,0,1,1.0,0.0,0.0,0,0
822,-0.19404073203692898,-0.4759814602371998,0,0,0,3,0.0,0.0,1.0,0,1
658,0.19354684656625676,-0.3437836450482282,1,1,1,3,0.0,1.0,0.0,2,0
467,-0.11652321631629182,-0.6434642498641785,0,0,0,2,0.0,0.0,1.0,0,0
25,-1.6668735307290348,-0.23599529847733,1,3,1,3,0.0,0.0,1.0,4,0
404,-0.11652321631629182,-0.33701666364915833,0,1,0,3,0.0,0.0,1.0,1,0
910,-0.19404073203692898,-0.4902404567566684,1,1,0,3,0.0,0.0,1.0,1,0
605,0.4260993937281682,-0.13014037516330884,0,0,0,1,1.0,0.0,0.0,0,1
836,0.7361694566107168,0.9643376623594495,1,1,1,1,1.0,0.0,0.0,2,1
617,0.34858187800753104,-0.3650513008738763,0,1,1,3,0.0,0.0,1.0,2,0
748,0.03851181512498246,-0.3921192264701557,1,0,0,2,0.0,0.0,1.0,0,1
370,-0.4265932791988404,0.6963980671516505,1,0,0,1,1.0,0.0,0.0,0,1
1153,-0.6591458263607518,-0.4916093204225374,0,0,0,3,0.0,0.0,1.0,0,0
454,1.5113446138170883,1.079297075790105,0,1,0,1,1.0,0.0,0.0,1,1
497,1.898932192420274,0.8697623303260494,1,1,0,1,1.0,0.0,0.0,1,1
456,-0.03900570059565468,-0.4908050163476765,0,0,0,3,1.0,0.0,0.0,0,1
103,-0.6591458263607518,0.8508302497947088,0,0,1,1,0.0,0.0,1.0,1,0
1007,-0.8916983735226632,-0.3640033854686489,0,1,0,3,1.0,0.0,0.0,1,0
845,-0.9692158892433004,-0.4759814602371998,0,0,0,3,0.0,0.0,1.0,0,0
147,-0.19404073203692898,-0.49273843960455366,0,0,0,3,0.0,0.0,1.0,0,1
408,-2.0544611093322205,-0.2809473891997225,0,1,1,2,0.0,0.0,1.0,2,1
337,-0.03900570059565468,0.6441956392159689,0,1,0,1,0.0,0.0,1.0,1,0
1265,1.1237570352139026,-0.3921192264701557,0,0,0,2,0.0,0.0,1.0,0,0
944,-0.736663342081389,-0.19877690078244586,1,2,1,2,0.0,0.0,1.0,3,0
1166,-0.11652321631629182,-0.5037744195548081,0,0,0,3,1.0,0.0,0.0,0,0
1087,0.2710643622868939,-0.4916093204225374,0,0,0,3,0.0,0.0,1.0,0,0
1263,0.1160293308456196,1.9569900306355188,1,0,0,1,1.0,0.0,0.0,0,0
1046,-1.279285952125849,-0.036611025111879254,0,4,2,3,0.0,0.0,1.0,6,0
83,-0.11652321631629182,-0.4928989137348744,1,0,0,3,0.0,1.0,0.0,0,1
570,0.19354684656625676,-0.4916093204225374,0,0,0,3,0.0,0.0,1.0,0,1
514,1.898932192420274,0.5049891647208179,1,1,0,1,1.0,0.0,0.0,1,1
1190,0.03851181512498246,0.23624333201490125,0,0,0,1,0.0,0.0,1.0,0,0
668,-0.11652321631629182,-0.4931405916419841,0,0,0,3,0.0,0.0,1.0,0,0
72,-1.0467334049639376,0.2633112576111806,1,5,2,3,0.0,0.0,1.0,7,0
422,-0.6591458263607518,-0.4939468291401018,0,0,0,3,0.0,1.0,0.0,0,0
225,0.6586519408900796,1.09661668132521,0,1,0,1,0.0,0.0,1.0,1,1
1295,-0.9692158892433004,0.26717810412493487,0,0,0,1,0.0,0.0,1.0,0,0
660,2.2090022553028223,1.5466209443633547,0,0,2,1,1.0,0.0,0.0,2,0
